{"cameraMode":{"drawMode":0,"name":"Shaded","section":"Shading Mode"},"sceneLighting":false,"audioPlay":false,"sceneViewState":{"m_AlwaysRefresh":false,"showFog":true,"showSkybox":false,"showFlares":true,"showImageEffects":true,"showParticleSystems":true,"showVisualEffectGraphs":true,"m_FxEnabled":true},"in2DMode":false,"pivot":{"x":1.6531331539154053,"y":-0.28452298045158389,"z":-1.5112433433532715},"rotation":{"x":-0.065761037170887,"y":-0.16034221649169923,"z":-0.010707084089517594,"w":0.9848118424415588},"size":0.49337419867515566,"orthographic":false}