{"cameraMode":{"drawMode":0,"name":"Shaded","section":"Shading Mode"},"sceneLighting":false,"audioPlay":false,"sceneViewState":{"m_AlwaysRefresh":false,"showFog":true,"showSkybox":false,"showFlares":true,"showImageEffects":true,"showParticleSystems":true,"showVisualEffectGraphs":true,"m_FxEnabled":true},"in2DMode":false,"pivot":{"x":-9.141388893127442,"y":0.25364768505096438,"z":3.5173089504241945},"rotation":{"x":-0.07509882748126984,"y":-0.2940339744091034,"z":-0.023181574419140817,"w":0.9525596499443054},"size":0.2934504747390747,"orthographic":false}