{"cameraMode":{"drawMode":0,"name":"Shaded","section":"Shading Mode"},"sceneLighting":false,"audioPlay":false,"sceneViewState":{"m_AlwaysRefresh":false,"showFog":true,"showSkybox":false,"showFlares":true,"showImageEffects":true,"showParticleSystems":true,"showVisualEffectGraphs":true,"m_FxEnabled":true},"in2DMode":false,"pivot":{"x":-8.622258186340332,"y":0.17979249358177186,"z":-0.13186047971248628},"rotation":{"x":-0.03415677696466446,"y":-0.8999344706535339,"z":0.07169587910175324,"w":-0.4287407696247101},"size":0.1560572385787964,"orthographic":false}