{"cameraMode":{"drawMode":0,"name":"Shaded","section":"Shading Mode"},"sceneLighting":false,"audioPlay":false,"sceneViewState":{"m_AlwaysRefresh":false,"showFog":true,"showSkybox":false,"showFlares":true,"showImageEffects":true,"showParticleSystems":true,"showVisualEffectGraphs":true,"m_FxEnabled":true},"in2DMode":false,"pivot":{"x":-8.723878860473633,"y":0.17754501104354859,"z":-0.1353217512369156},"rotation":{"x":-0.03415677696466446,"y":-0.8999344706535339,"z":0.07169587910175324,"w":-0.4287407696247101},"size":0.24725598096847535,"orthographic":false}