{"cameraMode":{"drawMode":0,"name":"Shaded","section":"Shading Mode"},"sceneLighting":false,"audioPlay":false,"sceneViewState":{"m_AlwaysRefresh":false,"showFog":true,"showSkybox":false,"showFlares":true,"showImageEffects":true,"showParticleSystems":true,"showVisualEffectGraphs":true,"m_FxEnabled":true},"in2DMode":false,"pivot":{"x":-9.047744750976563,"y":0.33722221851348879,"z":6.407467365264893},"rotation":{"x":-0.03808143734931946,"y":-0.9434320330619812,"z":0.11663097143173218,"w":-0.30804410576820376},"size":0.8660253882408142,"orthographic":false}